Species_Name,Common_Name,CMIST_Score,CMIST_Upper,CMIST_Lower,Likelihood_Score,Likelihood_Upper,Likelihood_Lower,Impact_Score,Impact_Upper,Impact_Lower
Cabomba caroliniana,fanwort,7.328569444,7.986111111,6.592013889,2.65375,2.875,2.375,2.761666667,2.888888889,2.555555556
Carassius auratus,goldfish,6.560652778,7.347222222,5.541666667,2.653125,2.875,2.375,2.472777778,2.777777778,2.222222222
Faxonius limosus,spinycheek crayfish,7.194263889,7.986111111,6.125,2.75025,2.875,2.625,2.615777778,2.888888889,2.333333333
Cipagopaludina chinensis,Chinese mystery snail,4.969291667,5.833333333,4.222222222,2.44275,2.625,2.25,2.034222222,2.333333333,1.777777778
Nymphoides peltata,yellow floatingheart,6.582972222,7.333333333,5.805555556,2.55775,2.75,2.25,2.573666667,2.777777778,2.444444444
Lythrum salicaria,purple loosestrife,4.504375,5.541666667,3.694444444,2.458125,2.625,2.25,1.832555556,2.222222222,1.555555556
Esox niger,chain pickerel,6.675347222,7.347222222,6.111111111,2.74775,2.875,2.625,2.429444444,2.555555556,2.222222222
Micropterus dolomieu,smallmouth bass,6.552972222,7.347222222,5.805555556,2.653125,2.875,2.375,2.47,2.666666667,2.222222222
